identifiant_produit|ca
0E5B709A87|1.0700000524520874
2B548B6B14|2.8499999046325684
33F36319D7|13.779999732971191
372728AF81|8.979999542236328
5BEF165AB1|2.940000057220459
FB1871F09E|9.470000267028809
4D22D0E3FE|11.830000162124634
523389338C|5.039999961853027
6E1AABFF3D|2.0999999046325684
7E53A03834|9.699999809265137
8A867B60C6|5.510000228881836
D356310283|1.940000057220459
0BE3B10E59|8.899999618530273
11E74F7C5D|3.5299999713897705
38C5B20D6D|6.96999979019165
47942CB97C|9.130000114440918
4D739A7B71|7.320000171661377
566510E119|3.2200000286102295
6ACA108036|5.099999904632568
BE5A11EA01|1.2000000476837158
E44947CBB6|3.819999933242798
0953C3AB61|8.289999961853027
20BC465823|7.5
2558F28B7A|18.639999389648438
64BD79B91F|5.539999961853027
69F5741FEE|2.5799999237060547
D8F2A2ED81|3.140000104904175
FA2631BD31|8.90999984741211
04C8502C6D|4.159999847412109
06859CD7F8|11.419999837875366
5418B56250|6.480000019073486
898119726E|1.6299999952316284
C8FA04D502|5.349999904632568
F7AE684ECF|0.5
0791F001C0|5.940000057220459
4CB1B89994|3.6700000762939453
DAF5FF817C|7.570000171661377
FBE7652CF6|0.8999999761581421
23230D1D08|7.46999979019165
31C0ADD032|8.479999542236328
6A6942C115|7.170000076293945
B5A40F747C|7.579999923706055
D196E1B113|3.0
12654AB00A|34.73999881744385
582BAD9B50|8.399999618530273
81D966D6EC|31.81999921798706
C3A1A0B65F|6.96999979019165
F6DCF5AB1D|9.069999694824219
3051B783CD|8.84000015258789
55C0040540|2.7300000190734863
6C21D7EFD4|7.730000019073486
F4BD2CAAFC|1.7000000476837158
27F77AE388|1.6399999856948853
9184442AEF|1.7300000190734863
A435B388F2|8.210000038146973
C8A8DA1440|6.21999979019165
DC05533937|11.859999656677246
F0A4D301CB|19.15999984741211
FFAEBADC83|2.299999952316284
48F5032556|5.170000076293945
529BCA5629|1.7300000190734863
57CA3EB72A|1.340000033378601
6294028D46|1.6799999475479126
946785B99C|4.949999809265137
E472ED7AF0|7.159999847412109
F4C1952F1F|0.05000000074505806
FCCBC68C0F|8.670000076293945
22315CBF29|1.0399999618530273
F5652E4A3C|6.989999771118164
260431548F|9.359999656677246
52E472DEC5|3.140000104904175
5AC5D9426E|2.7300000190734863
6FD39B0DC9|1.850000023841858
B71A689FD5|6.610000133514404
D9CAB7BEFC|1.0700000524520874
15A372A5AC|9.90999984741211
17C7407A26|3.200000047683716
5A32058276|5.739999771118164
A09B1D766F|2.450000047683716
B8BCE11ABF|8.350000381469727
0B86C265DC|2.990000009536743
9878624A07|9.399999618530273
C129AAB5A1|13.369999885559082
C2E3195663|2.109999895095825
156F4F875C|2.640000104904175
41D3441E1A|6.920000076293945
839DF8BA8E|1.8300000429153442
931B43B2A3|7.570000171661377
A0515A4CAA|6.579999923706055
B4D0E45B48|8.920000076293945
E280732BCC|9.640000343322754
F3E612A0E0|3.3499999046325684
FD6AF1ABD6|1.9600000381469727
2FABFD8C1C|5.879999861121178
8BBA72BE5A|1.9199999570846558
F148225C21|19.28999972343445
35529E49C5|4.110000133514404
B871AE2A5D|2.2200000286102295
3558901D3D|8.210000038146973
9976C430BB|5.739999771118164
D3CEA49495|5.329999923706055
E1F3052825|7.03000020980835
50D9402113|2.6700000762939453
A50C4B786C|9.100000381469727
B6C357D71A|1.0499999523162842
051B4798C8|7.730000019073486
6EFA810193|5.230000019073486
9AD94FA4CE|14.869999885559082
A3BA455174|3.1999999284744263
D3D7BF49BF|0.6800000071525574
DABFB37BD4|151.2000060081482
E3B7944255|5.739999771118164
156AB4875A|7.249999761581421
BB016ED4C8|3.7200000286102295
FF1BA8EAAE|9.520000457763672
2D70294F62|1.899999976158142
2EE016AEC6|4.349999904632568
3101F3D673|7.630000114440918
53D32CB9FB|20.010000228881836
7F81C0D4D3|1.8300000429153442
99FC745CFF|0.8999999761581421
A4FC578056|2.069999933242798
A836A62A02|3.9000000953674316
D366C275A0|6.659999847412109
3FEB71B917|3.119999885559082
95303FBE7D|6.320000171661377
9F07B55678|6.190000057220459
F3FF1114D4|1.75
0315064B65|29.5
1E96754025|7.300000190734863
55B8996FFC|0.9599999785423279
96F2054E97|6.320000171661377
A47AE150F0|0.5400000214576721
8E7ED10989|2.240000009536743
A348601AAC|3.140000104904175
DCCB523466|2.9600000381469727
082BBA69ED|7.429999828338623
313382A933|4.789999961853027
679400FBB0|0.9700000286102295
7C0BCF84EA|0.3499999940395355
83D4B3707C|8.420000076293945
85E77AAC27|26.459999084472656
C9868612BC|6.510000228881836
2C13BBDA17|1.409999966621399
4594224066|2.9800000190734863
70E2E87C35|13.259999752044678
8EA8A0D789|8.370000123977661
C1F4448116|1.5199999809265137
165DC08DF6|8.9399995803833
44E0179507|6.900000095367432
523036FFD2|2.9700000286102295
96C4960BD8|1.4500000476837158
EBBCB262E9|7.730000019073486
FE00FF3EC4|6.460000038146973
3D0F224600|1.2400000095367432
3DB76AC67B|4.239999771118164
46B29E832A|6.800000190734863
589798D48B|2.6500000953674316
59E0E5F1F1|1.2400000095367432
80BEA0003A|7.869999885559082
B731869E75|16.34000015258789
C5D35B8575|7.690000057220459
964E7DDDDB|7.900000095367432
90AA5F6B09|4.380000114440918
0420E7758D|9.5
22A47331F4|1.2100000381469727
249A56DA69|5.28000020980835
29BE2B4AAC|6.559999942779541
4986F29D33|3.5199999809265137
4EEC80F10A|1.5499999523162842
89215A5136|6.039999961853027
DF22657A21|1.159999966621399
14AD2E9598|1.1100000143051147
1B80FA71E9|22.100000023841858
5E80404977|7.449999809265137
644627CD92|6.980000019073486
B0DED94EA2|5.139999866485596
19520F5F6D|6.78000020980835
BF00FAA499|6.010000228881836
F2B743E176|0.2199999988079071
67B7844F25|17.889999866485596
1E8867B3AD|8.850000381469727
31902BA400|0.7799999713897705
8200EDCECF|0.15000000596046448
C1C13BE1D6|3.049999952316284
D3CE8C89AB|7.5
DF4902D87E|15.680000305175781
E0BC72EAE2|16.330000400543213
EE8B4812DF|2.740000009536743
0944813079|0.07999999821186066
23FE3F5ABB|6.480000019073486
60708DE0E0|3.9100000858306885
99F2E0D1FD|9.399999737739563
ACD150FC25|5.239999771118164
C67EA0508E|6.099999904632568
0ABA570FEA|0.12999999523162842
129CF34897|7.980000019073486
2AECB1E9E4|3.559999942779541
30DACE942A|0.2199999988079071
6FFABF41AB|3.5200000405311584
75BC68D797|0.029999999329447746
9900A4304F|4.840000152587891
99ED0151B5|2.9200000762939453
A4D0E53629|8.880000114440918
BBD2684253|4.789999961853027
C05387CF61|3.9800000190734863
F3888D303A|0.05000000074505806
2CA48EC79D|3.180000066757202
7D383A4A80|6.03000020980835
D8B63E993C|4.28000020980835
4A620AA6D9|15.690000057220459
7DB446E8B8|14.980000257492065
8649445684|4.039999961853027
C697234C14|5.860000133514404
C9628A3A5C|2.359999895095825
DC9BE38D51|2.049999952316284
DFFB3D8C43|1.9199999570846558
FB0C6548C2|2.4200000762939453
FB83FE68AE|6.519999980926514
346784478B|9.890000343322754
C19F94C629|3.319999933242798
5DAF343354|3.640000104904175
84884DC9F6|8.399999618530273
A7E7FA409D|33.14000082015991
F1D4FAEDB1|8.579999923706055
A239626025|0.5799999833106995
ED187D3871|5.920000076293945
2C3C1A9952|6.260000228881836
67E1505DCA|9.109999656677246
7993A57AC8|2.259999990463257
A1D3D10032|13.619999885559082
6B7A2A6B60|8.010000228881836
84E1E59DF2|2.640000104904175
C3EEB2470A|5.570000171661377
DB87BEBB8E|8.09000015258789
FE54744464|0.25999999046325684
72E32D5454|7.760000228881836
87D462922B|10.680000305175781
A2FF695BBF|30.249999344348907
0409512E9D|0.009999999776482582
6934C26B69|5.480000019073486
4B507C7556|9.539999723434448
6B04962CE2|3.549999952316284
93E02EB29E|8.170000076293945
9FE432F7EA|13.34000015258789
A2D76503A0|6.820000171661377
ACD3CE0117|0.8600000143051147
B77A06A8CC|1.7599999904632568
DE656BEE29|3.1500000953674316
0CFD13C6A6|2.240000009536743
456077DD46|9.5
6B292FADCB|10.619999885559082
6E9E051A1C|9.050000190734863
9CD796A91B|1.2699999809265137
A6EE4BB8A1|2.450000047683716
D3C0AFE48D|4.840000152587891
F70E313A66|50.80000066757202
05CD143B7E|3.7000000961124897
19603D050D|5.510000228881836
1F13ABC400|7.460000038146973
C3E1690167|5.769999980926514
DCDEB333E5|5.050000190734863
F75FFD21B7|2.740000009536743
2853F14EC4|6.840000152587891
9D05EE8C54|3.4000000953674316
C87B59DBC1|2.430000066757202
CACA17202C|5.599999904632568
35D242DEC9|5.460000038146973
67BC524E8E|6.150000095367432
D069646D80|15.300000190734863
F7E39B4F69|1.4199999570846558
08CE0117D9|5.21999979019165
173D6C39AB|0.3700000047683716
39D29B9498|4.820000171661377
76F4A0AFF4|0.6100000143051147
8DB10D6F4C|0.14000000059604645
FBB0C2FFA3|6.920000076293945
049D6891E0|4.440000057220459
2FF57CCE03|4.21999979019165
3F99B51E2F|9.270000457763672
BD8F5227F5|6.329999923706055
C2F4E4DBED|5.360000133514404
C4E5E74EC9|16.65999984741211
CADBCDB213|8.819999694824219
D66D669F23|2.2799999713897705
FD321B1D06|3.7200000286102295
3BD5C48DEB|4.739999771118164
5D13283AE8|6.71999979019165
65211B859E|5.190000057220459
682FA91F31|4.25
8D18B93DF2|7.949999809265137
A2ADA26553|2.180000066757202
C985125DF6|8.800000190734863
11396CBE18|10.97000002861023
2B3093404E|9.800000190734863
798C5A7C10|5.420000076293945
A0199B42C1|3.559999942779541
C8E4651857|5.03000020980835
D43F095AF9|7.190000057220459
349296815B|9.069999694824219
595A93C0C8|3.859999895095825
A537B6ACD4|4.090000152587891
D613E3FBF1|2.969999998807907
1881FFEFFA|8.640000343322754
AAEF118CEA|22.950000286102295
06EADA6FB9|5.760000228881836
19F1C856C7|5.900000095367432
2715F8E34C|0.0
4A593E13FD|3.390000104904175
504220D0F2|7.130000114440918
D69E7F834D|17.72000026702881
383F7B3544|6.440000057220459
5AC7D46BB8|2.130000114440918
ABD9480524|4.619999885559082
C7839D8D3F|16.499999523162842
0CA7369EB0|7.519999980926514
6CE5F0C5FD|5.579999923706055
85B477D8A9|5.5
91C9942D49|2.200000047683716
EF9F25F045|9.309999942779541
F8BA130741|7.539999961853027
0EE8F1E2CC|9.880000114440918
1E9B9279D4|7.809999704360962
8477526643|9.680000305175781
C278F3CE62|0.4699999988079071
C45980D311|1.559999942779541
D2C6130E61|8.489999771118164
D70047C5FF|11.09000015258789
DAA7F4AF9F|5.78000020980835
40E49762C6|2.009999990463257
ECCFE948D2|5.5
388D6E03C3|2.5899999141693115
6F9C38C5B6|0.41999998688697815
76C4715945|9.170000076293945
A78546DC68|1.4700000286102295
AE678BCE2A|1.9199999570846558
D110386CA9|2.9600000381469727
C9BEF4EE76|3.059999942779541
DA9447A83C|15.640000343322754
F49AB1B89C|7.639999866485596
17270CA3DD|2.259999990463257
2F79D3FC87|0.15000000596046448
47D59C06F3|2.890000104904175
6EFBBEBDA8|5.420000076293945
7FFCA158C0|5.639999866485596
4621BE834D|6.099999904632568
7DFEB09349|8.800000190734863
92FB2BC287|14.179999828338623
A72FEEC218|0.7099999785423279
AC682A6A94|2.2799999713897705
B17FF01081|9.880000114440918
2DE1EA2046|9.09000015258789
3EF6D61B93|0.38999998569488525
6805B5273F|6.019999980926514
6E55F3BE2C|6.659999847412109
559D752597|9.239999771118164
88AC7D310F|5.0
AC5D591647|15.800000190734863
1E112DACE6|3.609999895095825
7B4AE1B179|0.029999999329447746
84285CEE42|1.5399999618530273
A0D9589DE4|4.5
DF67C5220D|7.679999828338623
ABE032F333|2.9700000286102295
CD296BDB0D|1.8799999952316284
DF7719A2B6|6.699999809265137
B4FBE0871B|2.940000057220459
F3719512F6|13.40999984741211
2C2A3CAA44|4.960000038146973
33CA2CB82D|2.0799999237060547
55A4C66C15|3.3999999538064003
6A67F54046|9.529999732971191
89030DFB82|4.179999828338623
AABEB924CA|2.490000009536743
181601A3D1|1.0700000524520874
758549AB5F|7.239999771118164
01B5F8E869|4.909999847412109
20A31A394A|6.110000133514404
4F8AFB510E|5.260000228881836
11E1F0592F|0.05000000074505806
1F144DEF0D|1.2599999904632568
95570B58BF|5.869999885559082
FDC51D563C|5.989999771118164
1EF8AD1C56|1.6200000047683716
7C094CE394|1.440000057220459
B5DD64A579|4.989999771118164
DFA186A895|1.9900000095367432
ED14CF5756|7.920000076293945
F301339352|8.920000076293945
F55015293B|6.940000057220459
03DB4E9F77|6.760000228881836
76E01F0210|9.220000267028809
999465FDBD|4.25
A292CD1F8B|8.630000114440918
A7BC716F19|24.630000591278076
CCF7E8D251|6.710000038146973
0A549440F9|9.949999809265137
2A334CF150|9.640000343322754
398EF0B425|4.949999809265137
3CC170C3B9|16.559999465942383
94F28C543A|13.320000171661377
9CAC6B9E6F|3.950000047683716
A03853C217|28.31999969482422
F5FBB17517|4.369999885559082
3EF7690D1B|4.860000133514404
48F1F47D97|1.3600000143051147
531CE632A7|0.20999999344348907
56FF518625|31.029999256134033
58F73F3A6B|9.34000015258789
6567E4DD06|9.930000305175781
943918E56A|7.150000095367432
E976D1F803|1.850000023841858
103B4FB166|4.53000020980835
C9B1BD7EF0|7.550000190734863
D53B485899|5.290000081062317
1A40296655|2.690000057220459
3235A1C16A|3.240000009536743
82046E7769|17.280000686645508
AC65CE237B|1.8600000143051147
F5BB04194B|0.4000000059604645
075C80B1D4|4.170000076293945
8F900F4E33|6.570000171661377
D27E955E66|11.349999904632568
DD84AF8729|0.18000000715255737
FFDF2161AF|0.009999999776482582
1DC1A1CAA5|0.5
1E5AA422E4|4.200000114738941
2CD712D5B8|11.619999647140503
4730CA66D4|4.940000057220459
8D99F164EC|6.119999885559082
BB28426F7C|8.65999984741211
DD03943E01|9.890000343322754
31FDE5B714|16.559999465942383
61199AD53A|9.210000038146973
B728EFF185|0.5899999737739563
E0516D64CA|4.890000104904175
FE0E6015E0|8.050000190734863
1FC5C87C05|3.700000047683716
264F6FC9F1|2.369999885559082
3B6F5AF3AA|25.15000009536743
64DADFB2C6|18.18000030517578
B3556F07F7|3.190000057220459
03CDEEED6A|12.179999828338623
3280F337E7|8.329999923706055
4305C8A24E|5.159999847412109
7A9D1973C5|7.590000152587891
F80298548D|10.410000324249268
70FB5F6D3D|4.199999809265137
7E88DCFA91|5.210000038146973
8C0791D85A|9.819999694824219
8FC69E31D8|1.3799999952316284
938F321F55|8.9399995803833
A6ACA5708B|4.539999961853027
DFA462CDA5|7.329999923706055
E62BE246A7|4.53000020980835
31A3FAD0A7|5.659999847412109
49663250EA|11.9399995803833
5DECF675DD|6.53000020980835
96E4ED246C|1.149999976158142
05A5617217|2.0
7AFBF32DD8|3.8299999237060547
7CE3D0645D|11.350000143051147
8424FC39C5|4.150000095367432
ABE285E4EA|9.359999656677246
AE06DF97EF|12.010000228881836
D902A755C6|5.639999866485596
EDBC5E3024|6.949999809265137
490745E1C6|6.03000020980835
52975E84DB|0.33000001311302185
5D4BAFDBFD|5.940000057220459
9B9B7472F9|7.079999923706055
29E3AA3D4E|5.829999923706055
30648B6AB9|0.6600000262260437
3CF0F8F2F9|19.959999084472656
8FA62190C0|7.230000019073486
A5E0946B7D|7.539999961853027
D56D187CB6|8.260000228881836
0E511F2F06|4.019999980926514
233C85AB95|0.4000000059604645
36AA787EF7|9.579999923706055
52A6736C10|9.489999771118164
666C0CD724|3.7699999809265137
690A6B9293|7.730000019073486
6D777B5EBC|3.200000047683716
800BF6071E|5.639999866485596
9AD484AE18|5.800000190734863
D4A5111828|6.840000152587891
DC359E195D|2.2799999713897705
2C73B5CD94|7.71999979019165
EE5803A235|6.860000133514404
EFD3AC9796|2.630000114440918
0DD5E14B21|7.989999771118164
290EA10A7B|5.579999923706055
7DF4ABB8DC|9.470000267028809
B8DEBD5E6E|2.609999895095825
D99FE04D16|8.220000267028809
E404BCF05B|5.800000190734863
EEE18BDA04|6.78000020980835
7D6010DAA5|7.610000133514404
92094187E6|2.9600000381469727
9774113533|8.59000015258789
9826F68FD1|5.019999980926514
AAF88038D9|13.300000190734863
BA45A5FAF6|0.49000000953674316
E84B6E513B|8.630000114440918
713745464C|9.460000038146973
7FBC492781|7.760000228881836
8A0F5F6A36|1.940000057220459
A56EACCC2A|9.319999694824219
D751DEE968|6.269999980926514
497CE313F2|9.9399995803833
7B4F5FCEC0|7.460000038146973
9CAA9D0E40|8.449999809265137
9D16E14926|7.540000058710575
BE751BBAE3|7.340000152587891
CCD51C9789|1.2799999713897705
E798888596|8.609999656677246
FA6E48EB42|0.7200000286102295
01D8AB6C22|2.759999990463257
030B6B9AA4|13.269999980926514
1000D5A329|3.059999942779541
19DA7B8026|3.450000047683716
99CA9CA59A|3.190000057220459
EB7D00145C|1.1799999475479126
EE58041823|9.579999923706055
2B5805890C|9.300000190734863
32A477DCD7|3.799999952316284
4171321175|5.889999866485596
9CFD1A3CEC|7.75
EB4A1FEBB6|19.8900004029274
028E533FD7|19.280000686645508
0CBC40403A|0.10000000149011612
78BA85E7C5|6.960000038146973
B60D45FA36|8.90999984741211
3F5A9DA332|19.65999984741211
487438FCAB|6.829999923706055
E7161BC6FB|0.7599999904632568
8F56030541|3.490000009536743
96840DA851|1.5299999713897705
C015BCA698|0.6299999952316284
C3816C2145|18.119999885559082
C955ACD665|0.949999988079071
CE282A2716|8.100000381469727
474026C1B4|0.12999999523162842
BEC700F6D3|1.899999976158142
CD76E8C0CB|4.739999771118164
D4F5AA6CCB|1.3700000047683716
D64C46553E|8.15999984741211
D9315C8FEB|7.880000114440918
150CD7537D|8.199999809265137
21AAE3A92C|12.559999942779541
4AC6C7F8A1|4.550000190734863
64FB5CA419|8.930000305175781
A86A8A88DE|9.879999995231628
D663BFEEBA|6.78000020980835
FBEFED0C9F|17.809999465942383
0830D9EE97|2.1700000762939453
2F3E95ECAF|13.319999694824219
8E1F2950E7|9.100000381469727
985141A518|18.03999948501587
D372AD6645|8.470000267028809
F00062DC56|7.449999809265137
F345B06086|17.160000324249268
FD577EC348|16.68000030517578
362D36C18A|9.239999771118164
DFAAC8989A|7.21999979019165
EA7409FB1C|7.150000095367432
71B20D312C|7.300000190734863
87298CCBA4|9.640000343322754
B933FA281D|8.459999799728394
CBBBE1D9EF|0.800000011920929
1BD3939327|9.420000076293945
52AFCBA5FA|9.109999656677246
5A242F92E5|5.989999771118164
62C8278811|5.539999961853027
9CEBB5425C|9.229999780654907
FAE1BD9BE6|2.069999933242798
FCDEA23EB2|5.489999771118164
23A8834BB9|4.539999961853027
331EC4C397|6.710000038146973
6AB28CA63D|0.28999999165534973
ED66D51DC5|2.2200000286102295
1D301719B9|8.710000038146973
88ADB77CC7|8.829999923706055
9A5DBB1710|8.619999885559082
F237533F8F|6.03000020980835
0A15B568E9|9.680000305175781
32E67BD1AF|5.480000019073486
A36BB3CA05|0.9200000166893005
D202359F65|14.300000190734863
DAF2EE9837|1.9900000095367432
E332BCDAE9|4.130000114440918
E608B40A09|0.3799999952316284
39B9BAD59F|0.6299999952316284
6C2EAA6C96|8.170000076293945
89E3A02FCC|9.90999984741211
91D5D97049|0.38999998569488525
B9909DB77E|6.519999980926514
EC00A5A43C|4.1600000858306885
12FFAC2573|1.1399999856948853
AC12B8256D|7.659999847412109
BCE5F9E9A4|7.820000171661377
D9FB1BCD03|9.569999754428864
E96B63DDC9|3.509999990463257
28ACA77C95|9.260000228881836
4BB749C381|2.069999933242798
942FABCE61|22.369999825954437
D511D7EE75|16.540000915527344
DBB565DC10|4.360000133514404
0DAF1F3969|9.75
86C89D4857|2.6200000047683716
B699B268F4|0.6399999856948853
DE6B01FB21|2.880000114440918
1127E0ABD0|5.78000020980835
933F0D8230|6.579999923706055
B43C03164F|0.9900000095367432
53B7A0163A|1.100000023841858
5F7F3B5077|5.550000190734863
62C2831927|4.739999771118164
900B6B41B1|2.490000009536743
9025FD57D2|1.5800000429153442
9F934B0B10|1.5
AA3D5ADF05|2.25
150C88FD0D|1.0399999618530273
4909F5D336|5.729999829083681
4A19746B5E|0.3199999928474426
6B7202F59A|4.230000019073486
D2C4515C5A|2.950000047683716
2358C20133|4.860000133514404
30E810E054|5.690000057220459
3C765817D8|0.550000011920929
60CEA11F74|9.290000081062317
62493444AA|9.40999984741211
767B022F36|12.809999942779541
D0882DC9FB|2.930000066757202
E129828EFF|7.429999828338623
FD404011C0|9.680000305175781
07463696CA|3.2100000381469727
41547BD8C3|6.099999904632568
84CD3D0A2A|5.450000047683716
98DCD635BC|7.670000076293945
A013DB5CB4|8.390000343322754
A80565AC39|7.799999952316284
ABEFA61697|4.5
C7886002B9|1.600000023841858
EF2673884B|2.109999895095825
13E500EE46|2.859999895095825
1F34F62AA2|5.199999809265137
2181FDE287|9.229999542236328
66626D4373|4.929999828338623
BC6C1D5410|4.5
16B86DE38A|9.770000457763672
41F1345220|1.8700000047683716
61DC34106F|9.6899995803833
852380BB7C|2.1700000762939453
981CD40CE6|9.729999542236328
B48C469D68|1.6399999856948853
C4B2FAB8B1|12.269999980926514
CBDE734854|9.140000343322754
AF77A0ACF7|9.880000114440918
B7B370F352|10.389999866485596
DA2AEFA843|8.380000114440918
F1F3388870|18.700000762939453
0A81E1FDB6|5.0
39A68AE4D8|1.8200000524520874
40CA98AD83|9.619999885559082
972B18A95C|9.149999618530273
252A76AF6B|5.970000147819519
506B12664A|0.6399999856948853
59512C0A33|7.739999771118164
BB0ADABEC4|6.039999961853027
CEDD13FC76|9.35999995470047
E0814DF4E1|2.740000009536743
1647078576|2.1600000858306885
1996AF2F2A|0.7300000190734863
3CEE45F650|3.7100000381469727
7430FBDC1C|8.039999961853027
7CFCB496A4|17.140000343322754
7E30A234E2|5.050000190734863
93B8CF2C36|2.4000000953674316
C26A1CC58B|6.900000095367432
E421A62E40|4.079999923706055
29A3A70E11|3.680000066757202
6982B093B7|8.84000015258789
B19C8A9F8B|3.619999885559082
BB126572F0|4.909999847412109
EA3C2D31E8|1.3200000524520874
1A33102CF9|8.34000015258789
489EB805A7|1.6799999475479126
00BAB89572|2.819999933242798
5EF617C39C|13.0
7603DA129B|1.9199999570846558
76297BA6C5|9.229999542236328
A426834282|0.7599999904632568
F0B57E8924|0.11999999731779099
F2B8C35C06|7.71999979019165
F8747B8C62|33.83999967575073
127BE51F9C|0.20999999344348907
2C777827BB|5.289999961853027
619125BC22|5.260000109672546
68E2708A19|0.5
6BC11D2243|1.9600000381469727
9110CEE7D4|6.940000057220459
74B8447C17|8.640000343322754
8043A19A73|2.9700000286102295
9B6A61F986|11.699999809265137
ACB0918DF8|0.18000000715255737
E450439D01|5.320000171661377
23DC50E1C6|17.31999969482422
300B523532|5.159999847412109
331186DE8D|5.050000190734863
3A040B3D79|3.440000057220459
5C28374D1A|5.920000076293945
7814D90721|6.420000076293945
874AB78426|0.8600000143051147
95873FFD2E|7.949999809265137
FF410AC9BC|2.0999999046325684
02818E6436|0.10999999940395355
117CA73AD3|6.489999771118164
14AF6AD239|7.449999809265137
1AE61D905A|26.839999794960022
C366ADB0A8|1.690000057220459
C4A4976899|6.269999980926514
D9D24D839B|4.849999904632568
1A9836D55C|8.720000267028809
553099DFA0|2.069999933242798
A76C490191|8.729999542236328
87454F2A53|5.690000057220459
876746C0F1|0.5199999809265137
D937AB0E97|2.880000114440918
F1D12B0D8E|14.900000095367432
0DB67B268F|0.6600000262260437
5E861786E5|4.920000076293945
64A9C39974|7.719999760389328
98712DB04F|4.289999961853027
E45C7F25D6|1.1699999570846558
218EB8E378|4.360000133514404
4A74DEACBD|2.740000009536743
6F15A4B8D3|7.21999979019165
998A0E1480|7.659999847412109
D939DCE6F5|5.300000190734863
0C42D7D536|13.360000133514404
9C712CF434|8.220000267028809
A477DEFB97|7.650000095367432
E152F68737|9.600000381469727
F50BDBF188|4.989999771118164
F5599C8750|10.420000076293945
29FFB81D9B|8.96999979019165
43F984E81D|5.659999847412109
508F838F0E|6.610000133514404
704609D312|6.349999904632568
0D060F101D|12.759999513626099
218A5F2387|8.25
336CE4DEFC|2.059999942779541
77425BBE0A|9.730000138282776
AF01109D78|5.920000076293945
2257CF2E83|0.20000000298023224
2AADD3EB6C|2.259999990463257
CF1F512896|0.10000000149011612
420D99CDD4|0.019999999552965164
57E42DEABA|6.940000057220459
593886CFC3|5.25
5C6ADE3B51|6.730000019073486
6521F1A075|5.230000019073486
F173F640F5|6.0
0C815DBE91|7.909999847412109
CC42697D2C|8.180000305175781
DC3D83D510|4.570000171661377
FB3EFED779|6.639999866485596
563AC77A77|2.2699999809265137
5DAE605C9C|7.320000171661377
7F9CE65566|6.139999866485596
B5A9A411BC|9.739999771118164
C87673BD74|7.53000020980835
F794B17E48|4.489999771118164
77676683D0|0.30000001192092896
85AC819801|6.6000001430511475
9B2AD8A809|10.329999804496765
B194D07773|6.800000190734863
38ED92CCB2|1.940000057220459
7A4929E2AB|1.4600000381469727
910BBAF0E5|6.690000057220459
B19F1AB132|7.610000133514404
CD6365F164|9.960000038146973
2EBB0C714B|7.320000171661377
C20FEE429C|8.43999981880188
F4A18282C1|8.960000038146973
F941892FB3|1.149999976158142
2FE89DF01C|4.019999980926514
531C60B956|7.019999980926514
807A5DDE91|8.84000015258789
4A787E8283|9.010000228881836
6852FA2804|2.319999933242798
6FCC62BEB0|8.670000076293945
8C7008317E|2.8399999141693115
9667BE5A02|4.079999923706055
B8D5DE4251|13.429999828338623
C5720C0C43|9.039999961853027
C7DED5584E|3.450000047683716
FDD7270306|5.210000038146973
162650562F|1.899999976158142
2CC528219E|9.119999885559082
61AC2315C9|5.690000057220459
66E1DEAF46|2.7699999809265137
79F5F30CE1|6.529999852180481
AC5FA8756F|6.5200000405311584
E5B9A6E2F1|2.9700000286102295
06BA2AF15C|0.6800000071525574
3AD2405C37|0.6100000143051147
50FA06AC05|9.350000381469727
559D06D3AA|5.289999961853027
5FD1A04E88|1.809999942779541
A1F9014E22|2.1600000858306885
C39BE03276|4.230000019073486
101DE3A893|8.920000076293945
19B9EA9A45|3.2300000190734863
2C731FC77D|9.920000076293945
53C8B4B765|3.2899999618530273
5D543D185A|12.930000185966492
A9B46AE4DC|3.25
B1D765E959|6.059999942779541
FB855B8A17|4.400000095367432
13ED9D8124|17.479999542236328
1684E084CD|1.100000023841858
1942B0B8F1|1.2999999523162842
4896A5FD84|6.420000076293945
5FE4786CC8|18.230000495910645
94DCEA9C21|3.130000114440918
A383F41CAD|3.200000047683716
C255A65B5A|5.829999923706055
EBE72EA80C|4.590000152587891
F2EAAF1158|9.760000228881836
F43ABEBD10|1.7699999809265137
F8AF0FA699|4.039999961853027
42DE3241C7|3.990000009536743
430466CFCB|8.079999923706055
81AE85F23E|1.409999966621399
8524A224F3|8.619999885559082
A08AFE3AC5|9.319999694824219
D15BE185FD|6.320000171661377
F207CB29A3|3.259999990463257
232379B0E9|3.5799999237060547
6619D636B1|4.980000019073486
AEF2394EB6|6.929999828338623
B7DC9E1C58|2.2200000286102295
1565470D4F|4.190000057220459
17BF23C4E4|9.260000228881836
2B61889E80|7.739999771118164
621D7F41EC|6.409999847412109
BF7346B346|5.150000095367432
325385AEB7|5.21999979019165
3E8E7D41A6|1.340000033378601
6E4D0ED049|9.880000114440918
9896B4A761|13.880000114440918
3C5DB4BBEB|8.899999618530273
CCAF8EE07A|17.64999971538782
CFFD67313E|2.259999990463257
DEFAF3920C|1.899999976158142
E4C8AA7912|13.289999961853027
E84989E77E|11.339999675750732
6001596DDB|8.659999668598175
879BF26B5D|6.480000019073486
8C95E8F74A|8.369999885559082
AF4911CC1B|1.3899999856948853
BA8AEEDFBF|0.8799999952316284
BC7C9381FE|2.7200000286102295
BCECA7DFA0|9.600000381469727
D8938D948D|2.9200000762939453
721F5A397E|5.269999980926514
C7D9F57D50|14.619999885559082
D405686198|2.630000114440918
DF0B67E3AE|4.489999771118164
01F33C0811|2.5199999809265137
04F5DD5E1B|15.59000015258789
317AB75F79|23.280000686645508
B6AC0E0F7F|8.239999771118164
F2C42C6D2C|2.809999942779541
FC60FF1443|2.430000066757202
2AC1A1CD04|1.8799999952316284
3BEA57BEF1|6.440000057220459
5D65B98191|4.429999828338623
1E3D0AC036|0.6299999952316284
700EAF743D|2.950000047683716
196C5877CD|9.130000114440918
2CEA10683B|12.15999984741211
2F63F5DF47|3.2699999809265137
55D50C962C|5.480000019073486
A72B7FB38D|23.369999408721924
0D9F1050C8|1.4299999475479126
115F218BA5|4.070000171661377
196FAFEE2C|8.0
7310747214|7.900000095367432
57E97A4C97|4.519999980926514
B6BEE89911|3.490000009536743
BAD9BA2535|4.070000171661377
F01BB485FD|0.1899999976158142
FE7EDAB97C|1.4600000381469727
0AB1327BD2|2.549999952316284
203EDD9AF7|0.9800000190734863
72C1F61455|18.260000228881836
75474C01C4|0.75
77D8F9D618|20.850000381469727
758DE4A26B|1.1100000143051147
84C5299BEC|5.210000038146973
C39B3CA524|7.170000076293945
D184FA1454|9.349999904632568
1560EAEB69|12.349999904632568
28AC11E5BE|1.2300000190734863
7B4F0E575A|1.7000000476837158
809C848C78|3.0299999713897705
9809619B8B|1.6200000047683716
C6FC307658|5.710000038146973
274F4039F8|1.5299999713897705
2787B69EB8|23.399999141693115
2C8D75ECF5|9.199999809265137
2FCEE678C2|4.170000076293945
9E46440D8E|3.2899999618530273
BD2D4000D8|1.850000023841858
1D3AAD8711|3.700000047683716
96EBDB3BF2|0.3400000035762787
A89443B0AF|8.399999618530273
E5968CF5CC|6.949999809265137
02FAE5D3CE|12.359999656677246
1048AD4061|11.880000114440918
29BB98BD36|7.190000057220459
5B51FBDD3A|6.550000190734863
6A0706A410|6.179999828338623
B79A2A817D|8.220000267028809
EDA88857E6|0.07999999821186066
13018C561E|8.869999885559082
20F712C7C4|5.239999771118164
5B016B78E3|0.30000001192092896
637C785F6C|3.8299999237060547
CF03A3C221|1.1799999475479126
1C8A931FDB|8.140000343322754
2C24D9ADF9|8.09000015258789
2DBEF30472|1.590000033378601
3043D76EE6|1.2000000476837158
F8A7A2A055|8.109999656677246
247BF63CB3|9.890000343322754
69B6C41B51|0.6899999976158142
7EB88D34A8|7.739999771118164
BE20A317DE|5.440000057220459
0574B010F5|9.640000343322754
761A2194BC|8.930000305175781
B978A1F2BD|0.8999999761581421
2DF4CD2DF7|3.200000047683716
45F4D2A9BD|8.949999809265137
656D758FDD|0.25
D671161A2C|2.440000057220459
0F2C07593B|5.53000020980835
7B7F0EF9B4|9.619999885559082
90595F11AF|8.850000381469727
9D7A4AC0CA|4.96999979019165
BE647ED9FD|18.920000076293945
EAC7585654|4.920000076293945
46DC3BEC72|4.739999771118164
47B12260DC|3.2699999809265137
53CB65413E|5.800000190734863
9FEE27521C|6.059999942779541
B02B6827E5|5.550000190734863
CA01F73344|1.909999966621399
272A0281DC|8.420000076293945
8ACA33701D|5.860000133514404
A672C0FBEB|0.07000000029802322
B4E19AEDE7|15.619999885559082
CEC5A05CFA|9.760000228881836
52A6BAC207|0.8600000143051147
773AA64BFA|7.070000171661377
A5447EA3B8|1.409999966621399
D09DAB1A69|5.260000228881836
527B733C0D|2.490000009536743
7C2FEE0539|3.430000066757202
AB6CA3DF0E|2.7100000232458115
C14418A180|9.40999984741211
FC99F4BE3D|9.579999923706055
334E8B8E7D|0.4399999976158142
3966610B87|4.019999980926514
877261B8FD|6.800000190734863
18BF97A1C0|543.1799697875977
19C3F11114|3.509999990463257
1C0B34FD35|8.420000076293945
5D3B10EB3B|8.119999885559082
BCF0704184|1.340000033378601
1719E9C515|2.2300000190734863
2C02176618|0.4399999976158142
9C20175993|1.1799999475479126
12020B0F12|5.909999847412109
2896FA54B1|19.010000228881836
CED4AAB15F|4.619999885559082
D6CEDA2385|6.420000076293945
E6E97C41C8|9.949999809265137
B0B787BBA3|7.679999828338623
B69970A161|3.859999895095825
3930921F0E|5.559999942779541
4867EB1E69|15.420000076293945
5AB87A9355|7.099999904632568
7C1387BD61|1.3300000429153442
